<?xml version="1.0" encoding="UTF-8"?>
<project-private xmlns="http://www.netbeans.org/ns/project-private/1">
    <editor-bookmarks xmlns="http://www.netbeans.org/ns/editor-bookmarks/2" lastBookmarkId="0"/>
    <open-files xmlns="http://www.netbeans.org/ns/projectui-open-files/2">
        <group name="EXAMEN-LAB-REC_2B2">
            <file>file:/C:/Users/jsole/Desktop/2022-23/IPC/Prácticas/sesión%203/Nueva%20carpeta/IPC_FXML_ListView/src/controlador/VistaListaControlador.java</file>
            <file>file:/C:/Users/jsole/Desktop/2022-23/IPC/Prácticas/sesión%203/Nueva%20carpeta/IPC_FXML_ListView/src/controlador/VistaPersonaController.java</file>
            <file>file:/C:/Users/jsole/Desktop/2022-23/IPC/Prácticas/sesión%203/Nueva%20carpeta/IPC_FXML_ListView/src/controlador/VistaListaControlador_1.java</file>
        </group>
        <group name="IPC"/>
    </open-files>
</project-private>
